Car_Model,Engine_Size,Year,Fuel_Type,Mileage,Weight,Transmission,Fuel_Tank_Capacity,Service_History
simple,5.808421807,2010,Diesel,31.04392712,1691.952993,Manual,38.50490509,0
imagine,1.19442473,2015,Petrol,15.83368419,1653.807171,Manual,37.56116699,0
appear,5.208377019,2003,Diesel,12.71692889,2128.2029,Manual,42.9425089,1
him,5.737772708,2007,Hybrid,25.76608063,1525.699894,Manual,59.62437908,0
create,5.309426497,2014,Petrol,,988.4474016,Manual,34.4996031,1
there,1.345552487,2022,Diesel,24.40687374,1412.061495,Automatic,57.36840852,0
manage,5.879710772,2013,Electric,29.85532332,1666.820036,Automatic,37.0472434,1
common,3.229292521,2011,Diesel,36.67477677,1983.715581,Automatic,65.2769583,1
though,1.192179377,2001,Diesel,11.70961951,1778.885239,Manual,51.66542741,1
late,4.815848573,2002,Hybrid,35.77385041,821.7977063,Automatic,43.31219813,1
PM,5.148037289,2002,Hybrid,17.72186808,952.6730759,Manual,45.78138577,1
evidence,5.680645387,2014,Petrol,13.13863739,2048.63218,Manual,38.67144485,0
hair,1.653550831,2002,Hybrid,7.893250256,897.13829,Automatic,38.1034814,1
piece,3.520087376,2000,Diesel,15.70920577,1514.161565,Manual,53.20524283,0
brother,4.170415252,2004,Hybrid,13.56044562,1275.435087,Automatic,34.55586723,1
my,1.696562648,2003,Electric,33.99674583,1876.852952,Automatic,51.42992078,0
with,1.483829077,2003,Petrol,17.76616473,2224.369732,Automatic,59.48375813,0
six,,2006,Hybrid,31.41752463,1036.959951,Automatic,54.60397164,1
position,3.98513355,2018,Electric,9.656277859,1291.940302,Manual,43.85398185,0
people,5.166768651,2014,Hybrid,19.74933486,2481.831779,Manual,35.63255823,0
leg,5.8025964,2012,Petrol,,1777.501385,Automatic,63.177533,0
debate,1.983113509,2001,Diesel,5.024750984,1094.367959,Manual,60.04353391,0
son,1.474959213,2009,Diesel,35.17900633,1272.607363,Automatic,60.14914616,1
open,2.453205587,2019,Diesel,6.385626611,2135.405127,Manual,61.20030058,1
early,5.899376426,2009,Hybrid,35.23180899,985.5230046,Manual,67.29300358,0
worker,1.088872347,2001,Petrol,36.35035577,1589.835047,Manual,58.84973096,1
employee,4.098672841,2013,Electric,35.56933553,2417.022243,Automatic,41.96447184,0
growth,2.201884326,2000,Hybrid,9.238606245,2343.363323,Automatic,39.66957613,1
above,5.190607545,2003,Hybrid,28.11532529,2376.359618,Automatic,51.55545669,0
theory,5.017791709,2006,Petrol,20.92705853,1862.051761,Automatic,68.41124607,1
whatever,4.505180833,2021,Petrol,12.18889906,1126.607689,Manual,59.23885425,0
trade,5.450217038,2010,Diesel,15.55040219,2129.541378,Automatic,51.55922591,1
clear,3.697579293,2021,Hybrid,6.071492857,1679.313562,Manual,47.2903124,0
risk,5.825616654,2022,Petrol,11.33985447,872.8097413,Manual,57.4154871,0
explain,3.516317713,2003,Diesel,39.57422154,2267.390223,Automatic,40.09244246,1
water,2.791692761,2021,Hybrid,,2146.261522,Automatic,51.07677248,0
within,1.189667149,2004,Electric,39.46795887,1255.613029,Automatic,46.8235654,0
president,3.460301846,2014,Electric,26.795381,1121.900923,Automatic,42.06194983,1
person,3.057670177,2018,Petrol,35.90068904,2251.440687,Manual,53.92489749,1
believe,2.428894059,2019,Electric,37.19792961,2452.573324,Automatic,52.05985737,1
life,3.952396745,2019,Petrol,30.97104256,1889.214939,Manual,47.73929486,0
case,3.66748138,2015,Petrol,19.17233551,1065.470802,Manual,33.87215212,1
occur,3.415217828,2006,Hybrid,19.53852959,1513.72431,Manual,58.66943477,1
second,2.753613226,2008,Diesel,18.07959409,976.9456737,Automatic,69.19925037,1
energy,3.158231687,2014,Diesel,12.4911997,1591.855813,Manual,62.53421872,0
point,4.254359526,2016,Electric,37.62156575,945.4238479,Automatic,65.7106309,1
involve,5.094995854,2003,Diesel,8.451050865,2437.658709,Automatic,40.37538617,0
foot,2.603073609,2009,Petrol,14.24493945,1990.661041,Manual,34.65351842,1
main,5.171040888,2022,Hybrid,38.69068881,1731.03051,Automatic,44.55695147,1
wind,2.404985049,2002,Diesel,30.28345152,2359.974096,Manual,63.89574845,0
great,3.430242034,2017,Electric,33.48495435,2459.442863,Automatic,39.44807044,0
site,4.12519234,2017,Diesel,21.03390522,1465.167219,Automatic,66.25883196,1
half,5.344026386,2003,Electric,19.0350391,1837.388377,Automatic,57.03508987,1
media,4.09434459,2015,Hybrid,33.60116634,2315.223742,Automatic,44.35368176,0
wrong,5.886547846,2002,Electric,31.55218758,2204.224773,Manual,36.8191247,1
material,5.221603406,2019,Hybrid,9.689979141,1122.114567,Automatic,34.70197817,0
reality,2.835504718,2008,Hybrid,31.48134603,905.6534301,Manual,36.06831862,0
own,3.157753067,2022,Hybrid,18.14354557,1992.943002,Manual,47.67129297,1
region,3.329817462,2020,Hybrid,19.71437709,1308.402288,Automatic,68.35640936,0
Democrat,3.155436135,2022,Petrol,12.81315775,1501.869193,Manual,60.34584435,0
professor,2.882474402,2003,Electric,16.17173103,1883.948885,Automatic,61.06505595,0
technology,1.265447319,2001,Hybrid,13.62421483,2484.509352,Manual,45.69528982,1
mouth,2.807524437,2013,Diesel,27.76346884,2468.425324,Automatic,69.42020621,1
laugh,2.767720348,2008,Hybrid,5.503477929,1357.35471,Manual,42.60232345,1
increase,4.30605493,2017,Hybrid,31.00360006,803.07068,Automatic,35.87527792,1
event,2.508471294,2013,Hybrid,21.93015935,2350.008588,Manual,68.65287353,1
can,3.253662227,2011,Petrol,28.76662182,1534.395048,Automatic,49.13146715,0
project,5.17979891,2004,Diesel,20.65855952,1789.925385,Manual,65.55752454,1
heart,4.203550414,2013,Electric,14.05688387,1477.175354,Automatic,65.38059723,0
tend,3.034192156,2008,Diesel,32.02371963,2064.931858,Manual,65.27315281,1
you,4.631911714,2003,Hybrid,30.85821537,1728.804318,Automatic,57.13701643,1
its,4.754618763,2019,Hybrid,6.287284006,1969.361682,Manual,62.70338822,0
step,2.942259415,2012,Electric,28.91882816,916.0365565,Automatic,40.45529248,0
nature,4.085033791,2009,Electric,21.49498249,895.6146061,Automatic,50.33447101,0
such,5.168584414,2013,Hybrid,10.25230194,1263.164823,Automatic,50.88315536,0
day,5.112077471,2012,Hybrid,31.67297093,1626.361457,Manual,50.46537667,0
other,2.473210528,2011,Hybrid,,2394.280434,Automatic,68.44593512,1
evidence,3.034825846,2005,Hybrid,6.757527975,1796.637706,Automatic,59.94355164,1
dog,2.11769301,2021,Petrol,38.25070661,1621.843769,Manual,60.2077145,1
hit,2.877528545,2011,Hybrid,32.08501004,890.6192083,Manual,41.16290561,1
somebody,3.619121867,2017,Diesel,32.96642101,1764.750987,Manual,41.82547764,1
former,5.403086729,2009,Petrol,37.73832031,1803.535536,Manual,61.33796017,1
ball,5.829960019,2001,Hybrid,18.08593551,811.3352978,Automatic,66.04994275,0
time,3.841583738,2009,Electric,32.09121818,1397.049683,Manual,63.44828531,0
environmental,5.473871288,2004,Hybrid,28.15227573,2316.831283,Manual,61.01069362,1
family,1.587462879,2011,Diesel,23.29894556,1204.232083,Manual,60.3675318,0
language,1.595792124,2015,Petrol,8.843307232,2076.407827,Automatic,53.69403669,1
about,4.301731884,2017,Petrol,31.17416805,1532.788225,Manual,47.55340084,0
challenge,4.745937974,2006,Hybrid,28.31469764,2090.970243,Automatic,38.57307412,0
bit,1.557169399,2011,Hybrid,,2260.924101,Manual,30.97542191,0
task,4.470958905,2011,Diesel,36.56179006,2177.239664,Automatic,45.42740033,1
change,1.706620046,2004,Electric,14.10802229,1792.109311,Manual,41.16867971,1
north,5.373782022,2016,Petrol,31.6982001,2065.030121,Automatic,32.45171048,1
life,5.18905934,2019,Petrol,37.41914735,1284.751466,Manual,66.75453916,0
stop,3.56773298,2008,Petrol,14.71758606,2321.842293,Manual,34.93190604,1
husband,4.934326317,2013,Hybrid,,972.2221004,Manual,34.36526652,0
hand,2.002999547,2001,Petrol,11.45490911,2162.958721,Automatic,54.16502994,1
civil,1.309141291,2010,Diesel,15.60815994,1929.534259,Manual,64.52836883,0
win,1.412494273,2014,Electric,21.17936416,859.2402447,Automatic,34.66933441,1
answer,,2016,Diesel,,2211.206297,Manual,54.51447722,0
result,2.838653142,2013,Hybrid,25.25426852,2241.758737,Automatic,60.56855148,1
radio,2.780399842,2011,Hybrid,9.446532062,2079.273782,Manual,69.75384468,1
generation,5.507341051,2020,Electric,7.221907807,1121.812664,Manual,59.61593466,1
imagine,4.114610065,2016,Petrol,23.65790626,2208.038041,Automatic,45.26474155,0
skin,4.475514051,2019,Electric,19.67506375,2318.473359,Manual,58.47497106,1
sister,2.159794198,2015,Hybrid,12.80190006,1379.046328,Manual,30.12374117,0
rate,1.024073773,2017,Diesel,25.86081594,2073.783091,Automatic,59.70329247,0
avoid,3.961884102,2021,Electric,7.32156261,1954.024637,Manual,55.47165506,0
couple,3.991505377,2018,Hybrid,19.38090902,1392.395722,Automatic,57.0619833,0
respond,4.928987791,2020,Electric,8.797491892,2153.829557,Automatic,44.00832473,1
smile,3.907123215,2016,Hybrid,26.51359592,2088.836462,Manual,53.17824549,0
paper,4.394831444,2001,Petrol,34.76962346,2322.213403,Automatic,39.02335853,0
hand,4.333384609,2006,Petrol,18.93505951,1168.116481,Manual,42.15625221,1
thank,3.43901942,2004,Petrol,27.88854865,1680.204774,Automatic,32.58651889,1
TV,3.798060613,2012,Hybrid,29.86045892,1906.315211,Automatic,65.29738464,1
serious,3.465237332,2015,Electric,39.96440045,1080.698807,Manual,49.58873212,1
type,3.632784007,2001,Petrol,8.456239744,2007.629497,Manual,57.05357575,0
win,3.866014983,2004,Petrol,37.42554785,1098.272374,Manual,52.50874253,0
employee,4.433547161,2008,Electric,29.70350924,858.5729282,Automatic,65.82847505,1
art,5.135283712,2011,Hybrid,8.002882249,2010.188507,Manual,52.58181961,0
manager,4.473448341,2003,Diesel,27.35610618,1296.571037,Manual,51.87152655,0
eight,5.845358151,2003,Electric,16.27850431,1634.218379,Manual,38.05001306,0
with,5.398862443,2001,Hybrid,25.6984279,1804.044644,Automatic,56.96781715,0
discover,2.216746538,2000,Hybrid,5.336361466,1210.473835,Automatic,34.11745133,1
financial,3.598212723,2009,Electric,17.19764437,837.0009744,Automatic,55.70299892,0
civil,1.258937682,2000,Hybrid,22.00077941,1783.290898,Automatic,44.21949262,0
science,2.928749256,2012,Electric,30.45424903,1390.326335,Automatic,60.85563132,0
point,5.05497572,2015,Petrol,34.2940067,2022.293886,Manual,63.81087709,1
concern,2.781242313,2010,Electric,37.68351986,1524.362339,Automatic,43.18877164,0
end,,2008,Electric,5.997219079,1724.986099,Automatic,58.24101536,1
family,,2017,Diesel,37.99706425,1957.060217,Automatic,52.88360487,0
anyone,3.896224588,2010,Diesel,36.65370566,2119.493547,Manual,39.17689489,1
role,3.167002521,2007,Electric,15.70807934,1421.585977,Automatic,61.54891766,0
act,4.320477643,2017,Hybrid,12.70779019,1872.878659,Manual,62.49471104,0
despite,2.732106069,2002,Hybrid,37.36626394,2399.013107,Automatic,45.90979632,1
upon,2.997795471,2020,Diesel,29.15356767,2444.881107,Manual,35.94907953,0
none,1.094929714,2013,Petrol,10.25624909,1533.81788,Automatic,65.2838273,1
college,4.134504785,2022,Hybrid,22.53238046,1821.096975,Manual,49.41028531,1
than,5.24445459,2003,Electric,,2021.267256,Manual,56.02956098,1
career,1.171682909,2016,Electric,30.58288816,2352.335257,Manual,44.70039741,0
picture,4.697118546,2021,Hybrid,21.26243921,2173.292722,Manual,36.25696351,0
enter,3.658647594,2010,Diesel,34.83592024,950.5746731,Manual,30.25143008,0
all,5.108927499,2003,Petrol,23.92073679,1473.336974,Automatic,51.49185831,1
degree,4.912239552,2014,Petrol,20.9036156,1819.853382,Manual,51.84657918,0
west,2.433847258,2010,Petrol,32.30963985,2211.721581,Manual,47.69665949,1
throw,3.044899374,2005,Electric,15.76154198,2196.157487,Manual,40.40745343,0
room,3.876512699,2013,Hybrid,10.86521271,1186.59594,Manual,52.12038077,0
development,3.330903733,2003,Hybrid,38.95343231,944.4844649,Automatic,63.53816535,1
able,5.508086614,2001,Petrol,31.93571263,1315.387468,Automatic,49.13849208,1
project,4.134431389,2020,Diesel,5.178683657,2363.76751,Automatic,39.16455867,1
how,5.92752065,2007,Electric,,1911.099486,Manual,36.40393578,0
beyond,2.682186654,2016,Petrol,21.6340715,1411.21534,Automatic,41.33413527,1
project,4.998649282,2012,Petrol,28.32381365,1794.895395,Automatic,57.18812692,0
save,3.57894167,2009,Diesel,18.71076048,1466.979788,Automatic,57.29334267,1
wonder,4.854453805,2016,Electric,30.98861955,1395.724681,Automatic,54.71351106,0
central,2.332651481,2013,Petrol,21.45712123,1764.594021,Automatic,65.41177328,0
exist,1.706745165,2007,Petrol,20.56189064,1203.686373,Automatic,54.20570466,1
exactly,2.447598859,2012,Electric,28.05745476,2046.14369,Manual,48.24359237,1
page,5.466606151,2011,Electric,39.37009664,932.0837339,Automatic,31.87093622,0
involve,4.624448485,2010,Hybrid,27.24735051,1163.177274,Automatic,38.48665859,0
politics,2.284441374,2000,Electric,31.98299238,1838.174457,Automatic,52.48875608,0
occur,2.708467855,2020,Hybrid,18.73499278,2451.675649,Manual,56.77875527,0
by,5.196658194,2005,Petrol,35.88743043,2175.720919,Automatic,40.4071823,0
finish,2.60563353,2019,Petrol,13.47092712,843.7132128,Automatic,61.75247908,0
reduce,4.761970914,2022,Diesel,26.63930904,1810.375026,Automatic,40.53426229,0
human,1.152437902,2008,Petrol,36.45420678,1960.643071,Manual,39.65399051,0
color,2.871640571,2016,Electric,,1246.564169,Manual,65.92905053,1
thing,3.648983131,2018,Diesel,20.82535199,2309.713938,Manual,48.48857683,0
choice,2.453850761,2015,Diesel,10.23523954,1146.400122,Automatic,48.68585739,0
still,2.791328712,2019,Hybrid,24.44832242,1492.902571,Manual,39.32797875,0
behind,2.634584874,2000,Diesel,16.68675401,1939.160681,Automatic,52.33781614,0
special,4.525049101,2002,Hybrid,9.379340074,1172.905212,Manual,61.16466522,1
especially,1.117069524,2004,Hybrid,27.06241535,1280.988476,Manual,38.90351736,1
by,4.090497816,2000,Hybrid,21.11869087,1008.478566,Automatic,43.46782714,1
professional,4.770071478,2016,Hybrid,22.59455309,2387.332837,Automatic,38.21358316,1
treat,1.052893927,2017,Electric,33.14996745,2100.75615,Manual,61.51184753,1
song,2.51399834,2009,Electric,17.00178846,1441.528511,Manual,48.17284146,1
finish,3.226016734,2002,Petrol,12.75938024,1391.721187,Manual,40.69323518,1
ever,3.99985567,2016,Diesel,10.44672484,1142.239581,Automatic,52.12504082,1
dream,2.44641648,2006,Diesel,10.01510126,861.6896115,Automatic,30.62822408,0
red,5.948013622,2000,Petrol,36.16407495,2069.598335,Manual,52.31876941,0
town,3.6655556,2019,Diesel,20.31745177,1594.078509,Manual,54.87626386,0
race,1.438612856,2003,Petrol,35.77580174,2249.448799,Automatic,32.70956138,0
human,1.984330373,2007,Electric,25.04257059,1873.62058,Automatic,45.86916042,1
discussion,2.449284781,2013,Hybrid,21.76357169,1723.964488,Automatic,36.03577823,1
hold,3.596860606,2018,Diesel,33.43174678,1726.897175,Automatic,31.95318788,0
year,4.673977607,2018,Diesel,31.13057391,1305.98197,Automatic,48.92565271,1
air,5.000498021,2014,Electric,10.51558083,2073.065037,Manual,56.50072833,0
one,2.898720436,2008,Hybrid,5.046469555,1634.18399,Automatic,48.81155549,1
computer,,2003,Diesel,20.81549615,1568.362881,Automatic,50.21070412,1
your,3.745836746,2001,Diesel,16.67542241,1299.712277,Automatic,33.29529881,1
through,3.355506123,2012,Hybrid,28.52781022,1290.276935,Manual,58.17384067,0
network,4.085590038,2005,Hybrid,13.09583773,1745.6927,Automatic,55.64557901,1
fear,3.194833451,2018,Diesel,34.16046495,1422.880067,Automatic,59.79360633,0
discover,3.263414137,2010,Hybrid,12.31034999,2119.025036,Automatic,59.01621421,1
why,3.451351521,2020,Hybrid,13.11945968,1066.960602,Automatic,68.94221825,0
walk,3.865987026,2001,Diesel,21.51962561,2315.721354,Manual,67.80332658,1
three,4.964286403,2014,Electric,16.42469238,1637.269208,Automatic,49.82754453,0
second,1.297252905,2015,Diesel,37.90836717,2055.416433,Automatic,39.80787047,0
red,5.799579747,2021,Petrol,10.10152581,1730.538135,Manual,34.21979514,1
miss,1.938768664,2006,Petrol,20.88870802,2267.271824,Automatic,36.49841468,1
simply,2.930293847,2006,Petrol,21.29263593,1926.705184,Automatic,45.2654815,0
about,5.424870583,2009,Hybrid,,1984.036444,Automatic,38.05495951,1
set,5.649180174,2002,Diesel,6.148541515,1743.539743,Manual,57.6526484,1
hundred,3.303067929,2006,Electric,18.89940422,1462.222562,Automatic,57.10248395,0
suffer,5.002394793,2001,Electric,33.35254491,842.395903,Automatic,41.21948915,1
low,4.578965376,2009,Hybrid,27.40812343,1292.531053,Automatic,50.92506315,0
TV,3.308947559,2014,Diesel,36.82750956,1759.408395,Manual,35.72592805,1
hear,4.618934554,2004,Diesel,15.9630869,2132.106702,Automatic,44.11033519,1
our,2.691257921,2021,Diesel,27.92049954,888.0808162,Automatic,52.48554946,0
woman,5.065253121,2005,Diesel,27.10142703,1096.084418,Manual,34.32723796,0
road,5.488985214,2004,Diesel,38.19490378,1045.011119,Automatic,40.69956104,1
job,4.170278415,2013,Diesel,21.33518783,845.8322695,Automatic,65.02905261,1
more,5.49250209,2004,Hybrid,30.92442473,1586.565903,Manual,39.06725796,1
turn,1.647622475,2018,Hybrid,31.66921638,1760.870326,Automatic,57.53833843,1
you,3.675517171,2010,Electric,35.43296609,2499.149113,Automatic,50.48204491,0
big,1.017494157,2014,Diesel,33.16459454,1521.432354,Manual,65.72376685,1
drop,2.208179451,2020,Hybrid,27.92511964,1586.806352,Manual,58.71516427,1
data,4.687815122,2001,Diesel,21.88666497,2410.82571,Automatic,62.13048931,0
long,1.813215972,2013,Electric,12.94099187,1092.9462,Manual,53.3303111,1
maintain,5.901205909,2018,Hybrid,39.2227639,1288.800556,Automatic,46.24869795,0
class,4.337036523,2009,Petrol,12.11360783,871.504746,Automatic,46.88952916,1
rock,4.171481976,2006,Petrol,29.10494864,2333.476931,Manual,58.25698392,1
style,3.669895224,2010,Electric,25.51573065,1018.370412,Manual,63.03152014,0
either,4.719608306,2003,Electric,25.90715125,2363.763556,Automatic,32.82047178,1
able,2.724109274,2015,Petrol,17.04776632,1628.94217,Manual,43.44848785,1
forget,4.52931451,2005,Petrol,27.03241615,2332.60774,Manual,48.8029362,1
senior,3.103562546,2001,Diesel,18.73779145,2308.345012,Automatic,52.49696271,0
state,5.926685389,2008,Electric,24.83652195,1923.248703,Manual,64.55796433,0
decision,2.601896645,2013,Hybrid,6.44098035,1281.981666,Automatic,35.92723712,1
science,4.30440547,2020,Hybrid,12.06647747,1968.011881,Automatic,32.0555492,1
operation,5.034207688,2009,Petrol,38.73667612,2151.232634,Manual,34.25615143,1
field,2.250748587,2007,Electric,13.81635187,1833.438661,Automatic,36.7086464,1
part,3.784785782,2018,Electric,,2298.680914,Manual,45.59062375,1
everyone,3.288165205,2012,Hybrid,20.43015905,1649.716657,Automatic,32.24867866,0
speak,3.385532945,2016,Petrol,,1069.406957,Manual,52.5200624,0
approach,3.604521896,2014,Petrol,,1234.03046,Manual,52.43098128,0
region,2.982116023,2019,Electric,16.00354911,1008.161807,Automatic,62.25121755,0
factor,1.742636839,2010,Electric,15.33288711,821.2156613,Manual,53.68343631,1
part,3.736408411,2020,Petrol,19.33443588,2358.748271,Manual,36.7458628,0
decide,3.318665153,2007,Petrol,14.43306275,1809.468958,Automatic,58.02302843,1
hold,2.182223768,2004,Hybrid,14.4731647,2107.454143,Manual,61.4610091,1
wind,2.080591143,2022,Petrol,26.85616388,1908.819251,Automatic,58.46396694,0
blood,1.500090711,2016,Petrol,36.91983036,2026.175501,Automatic,60.95294529,1
our,1.29530495,2011,Electric,5.040372214,2342.818091,Automatic,46.93433848,1
rather,4.786571969,2011,Hybrid,15.12808238,1130.597524,Automatic,35.43555494,0
by,5.840781093,2022,Petrol,26.43894506,976.5621551,Manual,45.03622396,0
say,4.687079172,2009,Electric,21.53191127,1946.431443,Automatic,30.50359573,1
central,2.8890132,2007,Hybrid,6.648438796,1468.059258,Manual,43.19240274,1
could,5.44363325,2011,Hybrid,13.2235909,2119.483545,Automatic,40.56059011,0
security,1.508040528,2001,Hybrid,30.06017529,2088.23151,Manual,48.51875236,1
professional,3.342449585,2002,Petrol,7.978843772,2498.716413,Automatic,31.07324158,0
issue,5.976493734,2017,Electric,24.60864687,1520.818754,Manual,62.43843433,0
everything,5.644719337,2013,Diesel,19.09875863,1444.440813,Automatic,37.52112282,0
how,5.859753229,2000,Diesel,35.92312262,1855.586599,Automatic,54.32653979,1
writer,4.893226302,2011,Electric,14.97972284,2315.87958,Manual,60.3165658,0
father,5.176480746,2002,Electric,37.79778969,1943.650528,Manual,60.19991068,0
activity,1.034921639,2017,Hybrid,21.53655969,1968.136025,Automatic,42.95344461,1
official,2.549515501,2022,Petrol,8.073388236,2368.914553,Automatic,56.24354531,0
machine,2.704822182,2015,Diesel,30.40921172,2000.411545,Manual,53.72669308,0
Democrat,4.778866798,2004,Electric,14.70937037,1433.557251,Manual,50.03594695,0
national,2.66036439,2011,Electric,9.491188009,982.9416872,Automatic,37.22201361,0
behind,5.772778995,2002,Electric,16.65047214,1220.426383,Automatic,65.11059438,0
bad,5.380675455,2011,Electric,10.63326097,1032.410959,Manual,50.06496554,0
difference,1.27642202,2001,Diesel,13.11042663,996.4937229,Automatic,62.77230466,0
according,2.307336729,2020,Electric,26.42787522,1707.553753,Automatic,64.34370219,1
city,3.126321259,2004,Diesel,31.30260882,1851.215531,Automatic,49.72303421,1
scene,3.700700742,2006,Hybrid,9.182764228,1054.525155,Automatic,47.12879276,0
real,4.382547205,2009,Petrol,32.45760752,1395.446529,Automatic,51.44184129,0
more,2.062656723,2021,Diesel,17.83884415,2330.054221,Manual,66.56799717,1
professional,5.082894766,2017,Petrol,29.91426951,2443.074043,Automatic,68.66796229,1
economic,5.974368287,2018,Hybrid,33.9436455,911.1733532,Manual,58.68139736,0
stay,,2015,Electric,11.20437741,1133.912083,Manual,31.93109298,1
business,4.694532007,2006,Hybrid,9.527459029,1259.524369,Manual,53.36175723,1
officer,4.474110823,2014,Hybrid,23.1219961,1606.7749,Manual,36.8478029,0
message,1.771950576,2004,Diesel,29.8611667,1846.730975,Manual,37.8200202,1
PM,5.124377955,2012,Electric,36.11103618,1006.770802,Manual,43.80199429,0
approach,1.507494834,2019,Diesel,35.89087882,846.8864282,Manual,49.0607591,0
kind,4.851636373,2013,Hybrid,28.72576703,2489.675738,Automatic,67.86309118,0
prepare,3.414009857,2013,Petrol,11.37657341,2416.367867,Manual,48.07546221,1
alone,4.261057921,2000,Hybrid,9.322327544,1125.692456,Automatic,41.55389786,0
than,4.812998651,2005,Hybrid,,848.5230401,Manual,38.66702203,1
short,3.550960465,2017,Petrol,37.83680043,1674.00176,Manual,58.02090775,0
American,,2009,Diesel,28.38607529,1408.12658,Manual,41.54666822,0
level,3.172283715,2020,Petrol,5.732058506,1727.595767,Automatic,48.06007991,1
evening,3.280679581,2013,Petrol,6.971469198,1766.248981,Manual,68.24635155,1
adult,1.013033975,2022,Petrol,25.63709459,2182.2903,Automatic,63.74931248,0
not,1.074237887,2005,Petrol,14.53369872,1903.243219,Automatic,44.2080319,1
company,5.328168462,2019,Diesel,39.78168445,2097.837821,Manual,36.21203743,1
debate,4.841393531,2000,Hybrid,13.58432882,2299.096184,Automatic,67.63668185,1
something,3.466134333,2004,Diesel,13.83046013,2141.614945,Manual,45.84069044,1
note,1.358474983,2018,Diesel,5.561288049,884.2066648,Automatic,45.02496834,1
baby,1.197128188,2016,Diesel,25.38114089,1403.790128,Manual,40.02603713,0
firm,3.322650395,2012,Petrol,18.34601049,2270.078862,Automatic,40.39640759,1
entire,4.290225419,2020,Hybrid,8.431340035,1668.054235,Manual,58.81850033,1
drug,,2009,Diesel,36.96298997,909.1070159,Manual,66.38171577,1
woman,5.801232517,2022,Electric,17.29252915,1200.33969,Automatic,42.6979803,0
and,5.997657067,2004,Electric,,882.8821328,Automatic,35.58029651,0
ball,5.245046486,2010,Hybrid,9.813616305,1433.61378,Automatic,49.32515742,1
north,5.958621627,2022,Diesel,,2257.135404,Manual,51.51462766,0
threat,3.378093632,2005,Diesel,19.98308612,2326.506843,Manual,31.47865775,0
within,1.553925844,2012,Petrol,30.26161172,2139.146598,Automatic,38.21194791,1
mind,2.77653719,2017,Hybrid,23.93193963,923.6336133,Manual,30.66083545,1
free,3.623578959,2002,Electric,16.86751493,1392.339201,Manual,46.89269419,0
color,3.400602744,2010,Electric,7.107234602,2335.707961,Automatic,31.67916854,0
another,3.381904729,2001,Diesel,38.60966919,2327.33194,Manual,33.08803799,1
American,4.505335039,2022,Hybrid,33.44024116,2474.547207,Manual,57.65846828,1
perhaps,4.856426944,2022,Electric,32.07361176,2470.520118,Manual,36.12481496,1
raise,4.281711219,2003,Hybrid,30.70096113,1080.492124,Automatic,56.34930843,1
institution,3.490685992,2003,Hybrid,26.42392039,2393.49238,Manual,58.76548192,0
TRUE,3.552832089,2018,Diesel,25.68382689,1814.009566,Manual,36.66243797,1
middle,5.956130214,2015,Diesel,20.1871298,1398.002231,Manual,40.04480501,1
challenge,4.73399585,2000,Diesel,23.7332221,2357.408205,Automatic,40.31246351,0
town,3.507450832,2003,Hybrid,14.01264798,2163.208836,Manual,42.06790819,1
myself,3.704802481,2018,Petrol,23.55846381,1570.042453,Manual,62.99134746,0
especially,5.341699923,2014,Diesel,6.061036123,970.0507254,Automatic,48.46399688,0
deal,2.866953534,2017,Hybrid,14.5849957,2488.338914,Manual,51.89940263,0
face,4.303843774,2012,Hybrid,13.1302478,2042.274485,Automatic,35.18241155,0
scene,1.879824861,2018,Hybrid,24.09289241,2303.682605,Automatic,38.67817794,1
agent,2.966840982,2002,Diesel,37.20239592,1079.606312,Automatic,48.91200365,1
know,1.49882738,2012,Hybrid,17.69049341,2125.337634,Manual,60.97188412,0
audience,2.814961663,2020,Hybrid,29.94436558,1485.312274,Manual,37.53288435,0
me,2.650411173,2014,Petrol,33.14802843,1545.266398,Manual,59.98065878,1
between,1.943894582,2002,Diesel,,1260.646233,Automatic,56.42807296,1
would,3.534930882,2011,Petrol,,2227.068645,Manual,52.65652156,0
close,5.295450863,2012,Electric,20.92164462,1950.38832,Manual,62.43909167,1
list,2.4834842,2016,Electric,18.15995301,2295.50123,Manual,59.11097092,0
protect,3.811293264,2000,Hybrid,19.05805022,1092.838208,Manual,58.70898329,0
wear,1.34961183,2001,Hybrid,39.23072056,2333.151703,Automatic,46.88691236,1
trade,4.397893146,2006,Petrol,,1684.151848,Automatic,35.03340886,1
threat,3.169092283,2020,Hybrid,,1353.429119,Automatic,36.61399316,0
article,1.962752406,2002,Hybrid,29.89141592,2453.66045,Manual,48.45713224,1
well,3.407228605,2016,Petrol,28.92548916,2190.459804,Automatic,60.71405401,1
own,3.40124962,2010,Electric,7.042713334,1454.349204,Automatic,57.15266875,1
stock,2.889417946,2007,Hybrid,27.72342517,1420.298861,Automatic,63.54369586,1
movement,2.087183581,2019,Hybrid,29.74855265,1218.058858,Automatic,69.98686218,1
start,3.006845391,2013,Electric,33.04642391,1522.907411,Automatic,38.33237883,0
spend,2.163336038,2018,Diesel,18.94017637,1347.589958,Manual,65.64493231,1
three,2.786615286,2003,Petrol,18.72256903,1802.149449,Manual,44.40292164,1
significant,5.007889167,2004,Petrol,25.31288239,1196.848026,Manual,38.81625095,1
miss,2.232292244,2010,Hybrid,12.16413602,2183.070653,Manual,36.79319834,0
put,2.33677897,2012,Diesel,28.65695846,2317.610357,Manual,32.95359493,1
two,4.598634543,2020,Diesel,38.63449732,1809.657723,Manual,39.19388438,1
if,4.044583751,2013,Hybrid,7.670720358,2106.368626,Manual,39.38269265,0
finish,4.93192063,2010,Electric,24.2309633,2216.547083,Automatic,33.26618567,0
specific,1.190945804,2016,Petrol,37.342242,1988.701495,Manual,48.27667067,1
should,5.957233848,2010,Petrol,17.52738676,1001.17121,Automatic,54.6909054,0
six,2.907336304,2021,Petrol,15.48308988,988.105578,Manual,51.05182768,0
single,1.165400986,2003,Hybrid,29.01712599,2255.745016,Manual,47.4821122,1
learn,2.368724534,2006,Electric,7.706726016,1896.357084,Automatic,44.75817298,1
floor,4.740919064,2003,Diesel,12.7688481,2145.48814,Manual,32.53388283,1
them,5.879303506,2003,Hybrid,11.69501776,1148.119399,Manual,53.11151115,1
whether,2.282848678,2017,Electric,15.6287562,1934.313552,Automatic,62.6285488,0
day,5.300496072,2009,Petrol,19.38669369,2322.164339,Manual,47.12302871,1
phone,1.007300939,2002,Electric,14.00730549,981.716972,Automatic,30.53888107,0
picture,5.093570426,2022,Hybrid,9.345935043,1225.385817,Automatic,67.15955172,1
degree,1.644913182,2008,Electric,32.34790525,1340.559141,Manual,31.02364494,0
push,2.580047402,2022,Diesel,25.1213708,997.7080021,Manual,39.28149343,1
identify,5.520866736,2019,Diesel,11.84206881,1026.563907,Manual,65.24502295,0
forget,4.841102129,2006,Diesel,13.69527944,891.1971378,Automatic,62.12803085,0
believe,1.533751636,2004,Hybrid,16.64519474,1724.842328,Manual,32.65546405,0
city,2.608180246,2016,Electric,35.76102929,2414.216698,Automatic,65.61831602,1
decide,2.821843486,2013,Diesel,7.949153179,2343.356817,Automatic,39.19662291,1
improve,5.163006335,2004,Petrol,28.82611431,1036.722635,Manual,33.09191399,1
relationship,2.169499246,2004,Diesel,37.71303476,1436.82849,Automatic,46.90984058,1
benefit,4.380894249,2016,Electric,35.73794535,1851.353228,Automatic,35.70116106,0
better,1.226077116,2008,Electric,8.915666582,1474.406721,Automatic,67.27952967,1
bed,5.521131543,2011,Hybrid,16.42166837,1194.876198,Automatic,34.12326018,1
property,5.10206293,2018,Petrol,32.52320762,2236.221898,Manual,68.7916931,0
president,4.900773586,2022,Petrol,30.7471573,1740.631498,Automatic,41.49353802,0
compare,2.348345953,2005,Hybrid,27.52259844,1831.15388,Manual,38.49722395,0
field,5.870899936,2013,Hybrid,15.5273712,1637.93876,Automatic,37.60336655,1
almost,2.922234176,2019,Electric,7.014834877,2270.455118,Automatic,53.44046672,1
voice,,2018,Hybrid,22.89078243,834.1309877,Automatic,62.52879593,1
decade,4.925576578,2014,Petrol,36.15474304,2084.604009,Manual,48.91214036,0
none,3.258684132,2013,Hybrid,35.06835441,1412.006651,Automatic,40.81730862,1
none,1.843724005,2003,Electric,38.66575453,1317.769051,Automatic,30.46704339,1
though,1.31726434,2011,Electric,33.42387328,1905.288003,Manual,35.99030281,1
base,4.000495435,2008,Hybrid,15.99787016,1600.394976,Automatic,45.76603973,1
court,5.419701855,2018,Petrol,33.00292638,1154.651438,Manual,34.27276798,0
focus,5.375165113,2006,Diesel,35.64473137,2467.507655,Manual,51.09104612,0
half,2.962561467,2009,Electric,26.59646024,1118.887375,Automatic,67.83508513,0
free,5.463192416,2015,Electric,33.52873678,1630.458764,Automatic,41.55050316,1
seem,4.062317234,2021,Electric,9.83734788,818.9488338,Manual,60.16864068,0
notice,4.267784957,2001,Petrol,24.12921998,2380.578416,Manual,68.93199409,0
difficult,4.031231961,2013,Diesel,21.51154297,2154.679182,Manual,62.00103098,0
later,4.707267012,2014,Hybrid,22.39696682,1695.766935,Manual,61.63983066,0
here,2.442920214,2002,Petrol,24.61983453,1398.456116,Manual,45.72767109,1
walk,,2016,Petrol,20.77475613,2379.781072,Manual,54.80409805,0
cause,1.607141005,2020,Electric,8.790073795,1621.596988,Manual,63.24417375,1
their,3.407227655,2016,Electric,20.13292337,1018.423005,Manual,46.36347767,1
join,2.472681667,2022,Diesel,34.22492419,1859.749916,Manual,63.17726284,1
series,3.821399187,2004,Diesel,21.14206112,1141.84922,Manual,58.87154476,0
practice,4.09171224,2005,Electric,39.45951991,1255.440183,Automatic,58.19382125,1
arm,5.8541905,2020,Petrol,25.90981779,2275.162771,Manual,36.57746104,0
maybe,5.803280926,2018,Petrol,11.96149864,855.731215,Manual,42.09091221,1
air,4.568123898,2007,Diesel,9.376345192,1567.78367,Manual,37.24980155,0
water,4.353275295,2015,Petrol,21.13454922,853.0028213,Manual,67.83988134,1
spring,2.832499615,2011,Diesel,29.08954148,1878.329539,Manual,63.26366179,1
line,1.452458018,2020,Diesel,35.89673832,1597.935197,Automatic,40.71741628,0
spring,2.001898246,2021,Hybrid,30.45098868,2113.851407,Automatic,34.20905089,0
market,3.870072179,2009,Petrol,24.28301053,1423.389405,Manual,51.6570262,1
their,2.68311781,2002,Diesel,16.39354435,802.2700552,Manual,54.87084066,1
suggest,3.33165405,2021,Electric,38.24626122,1485.497029,Manual,33.95730936,0
anyone,3.635643346,2001,Diesel,36.30694885,1881.90086,Automatic,50.85141587,0
property,4.312085239,2008,Electric,33.22977269,2289.604168,Manual,33.01087938,1
maintain,2.790087911,2016,Electric,5.990124398,2302.943606,Manual,54.95210009,1
most,2.34371033,2010,Electric,29.13901367,1517.283098,Automatic,38.37702834,0
ten,1.301973255,2005,Diesel,29.30578096,2224.016307,Automatic,63.9518563,1
boy,1.711028212,2021,Diesel,11.39696822,2441.632694,Automatic,34.17215602,0
attack,2.099864295,2003,Electric,7.158378072,1505.106546,Manual,67.50652975,0
place,3.644950468,2015,Electric,12.65504393,2185.850246,Manual,35.57617122,0
example,2.33189607,2002,Electric,37.51678762,1880.566021,Automatic,53.62740128,0
meet,3.738029836,2006,Petrol,29.45446146,2337.329665,Automatic,35.7691914,0
tend,4.225418302,2017,Electric,35.61246557,1659.662375,Manual,64.72404769,1
seat,1.184775582,2011,Petrol,18.85540304,1237.043253,Manual,63.25414819,1
organization,5.047628135,2018,Diesel,36.87776757,1860.56383,Automatic,53.74099965,1
difficult,3.701250643,2006,Electric,8.108956656,1387.260202,Automatic,62.4802211,0
traditional,,2009,Petrol,32.90339617,1061.557672,Automatic,31.85874416,1
step,3.675262537,2020,Petrol,26.61263768,860.7714004,Manual,49.93650872,1
drive,2.173633972,2006,Diesel,27.03706003,1286.203608,Automatic,42.04741659,1
democratic,3.644894227,2006,Diesel,13.9469243,1439.861736,Automatic,59.0170323,1
kid,1.994672266,2005,Hybrid,35.2764271,1942.672008,Manual,49.69541696,1
his,3.012321047,2014,Diesel,28.72419799,2414.439611,Automatic,37.97867884,0
measure,4.797804346,2017,Hybrid,21.85882179,2131.533085,Automatic,47.90115618,0
inside,,2005,Hybrid,7.039711339,2397.006435,Manual,36.65084673,0
turn,1.317158712,2013,Hybrid,38.2517983,2147.806499,Manual,52.35543823,1
particularly,5.09791592,2020,Petrol,25.86255388,2459.012974,Automatic,67.47190017,0
eight,3.658998339,2009,Petrol,31.87062393,2228.707868,Automatic,37.7772498,0
minute,1.350902568,2006,Electric,38.17387779,2461.415018,Manual,56.12299075,0
house,5.375588102,2022,Diesel,,1869.773843,Manual,62.07254167,1
player,4.841665479,2016,Petrol,18.82453526,2395.795223,Automatic,52.47532175,1
step,4.630347963,2022,Petrol,20.90760311,1900.477832,Automatic,30.20574084,1
certain,1.362273981,2012,Petrol,12.9259708,1339.893236,Manual,54.88035047,1
go,4.480287924,2016,Petrol,,1687.245561,Manual,48.87941881,1
laugh,1.347505212,2009,Diesel,24.45192321,1717.772303,Manual,32.23686504,0
environmental,3.314602044,2001,Petrol,7.665835957,1255.697737,Manual,36.43453919,0
ever,2.113676992,2003,Electric,,1881.862331,Manual,49.71312376,1
business,3.019795831,2018,Petrol,34.72258408,1314.423202,Manual,67.09918074,0
should,5.209003949,2008,Electric,19.3572205,1525.373125,Automatic,63.2773298,0
foreign,1.527542143,2002,Petrol,34.26126269,1326.59866,Automatic,56.63007253,1
strategy,4.447445199,2004,Electric,23.25605414,2121.276705,Automatic,44.82263,0
perform,1.211987957,2001,Petrol,35.77570085,1809.147964,Automatic,39.48073726,1
food,4.064007467,2015,Electric,6.278333174,982.8462044,Manual,41.60632813,0
attack,,2008,Petrol,10.39955373,1433.23064,Automatic,63.19092085,0
see,5.208039581,2003,Diesel,17.95485592,2059.382559,Manual,43.48138304,0
tell,2.262527507,2000,Electric,26.63302724,1478.105702,Manual,69.03587005,1
head,2.520337301,2003,Diesel,39.629788,1566.522188,Manual,56.80483079,0
music,1.867023706,2009,Hybrid,19.70716205,2130.400917,Manual,30.41046806,0
success,5.743030033,2014,Petrol,23.15415132,1557.946807,Manual,59.57570826,0
want,4.605837721,2019,Hybrid,37.45887467,1665.758471,Automatic,38.80111769,1
chair,5.151086278,2002,Petrol,26.57662998,2443.147274,Automatic,34.12847444,1
term,2.270846948,2016,Diesel,15.93622825,1999.175461,Automatic,49.96493146,1
instead,4.215730098,2007,Petrol,11.79286602,1125.086246,Automatic,37.02634233,1
kid,3.577001525,2007,Diesel,7.577032938,1548.303602,Automatic,56.1064006,1
herself,1.52803559,2004,Hybrid,38.35963527,827.4748567,Automatic,67.66511745,1
life,2.252327905,2019,Electric,24.90029424,1637.826819,Automatic,31.14938394,0
growth,1.900417757,2004,Electric,,1498.626305,Manual,63.42137201,1
cause,3.406070047,2015,Electric,35.17492163,1595.538509,Manual,44.92137029,1
letter,1.523179347,2001,Hybrid,6.412177108,1384.760168,Automatic,68.51680032,1
activity,3.998576327,2011,Hybrid,9.182504586,2005.516991,Automatic,35.02535309,1
miss,2.004279857,2017,Diesel,31.74847822,2189.994991,Automatic,44.16853993,1
prevent,2.132062029,2022,Petrol,17.76284097,869.4171907,Automatic,64.82258709,1
recognize,3.823511944,2005,Petrol,38.08618987,1431.236869,Automatic,41.69300798,0
thank,4.1753347,2021,Hybrid,14.85364308,1876.558024,Manual,65.28491621,1
sound,2.815615699,2007,Hybrid,13.54540081,2373.586675,Automatic,51.71249685,0
education,4.394878143,2012,Electric,36.44227447,1787.443914,Manual,55.19672514,0
wish,1.329006696,2009,Electric,5.991100144,1965.898009,Automatic,52.10720264,0
most,4.827806592,2004,Diesel,30.90122467,1847.977992,Manual,45.18265431,0
affect,2.04829565,2021,Diesel,21.46393911,1337.93935,Manual,43.13425591,0
final,4.571221344,2015,Petrol,20.04818944,1290.733673,Automatic,54.03120252,0
you,5.719580049,2008,Diesel,5.656882756,2193.12305,Manual,33.52359474,1
effect,2.277318938,2005,Diesel,9.876589912,2346.588214,Manual,63.0186365,1
study,2.051527372,2007,Petrol,28.13586366,1533.384201,Automatic,61.92921416,0
culture,5.594079525,2020,Hybrid,34.70254421,1207.5343,Automatic,50.22559401,0
program,4.289620305,2021,Hybrid,36.82722954,1853.567435,Manual,65.8122015,0
government,5.343140728,2022,Petrol,34.82964667,2252.95552,Automatic,48.08248142,0
certainly,1.952287201,2014,Petrol,26.83159268,878.2214977,Manual,53.49171978,1
series,2.727752014,2010,Electric,23.81561727,1139.024068,Automatic,35.07962292,1
their,5.798572455,2000,Petrol,39.39838276,1948.098742,Automatic,51.93738375,0
hour,4.865087505,2004,Hybrid,9.408339947,1124.017305,Manual,57.97704928,1
picture,4.322257581,2005,Diesel,10.40087214,2299.642879,Automatic,45.22602362,1
ball,,2016,Diesel,36.36593188,1740.315169,Manual,58.67128835,1
nor,2.844595629,2010,Diesel,23.50306466,1540.836912,Automatic,59.03423161,1
two,2.14749527,2016,Diesel,29.86882959,1047.606545,Automatic,57.04240877,0
politics,3.850715561,2005,Electric,26.63452197,998.6532638,Manual,58.7825275,1
suddenly,5.964459623,2007,Hybrid,5.763672639,1381.449081,Manual,67.0256727,1
speech,3.771991174,2004,Electric,31.13727439,806.5892804,Manual,41.39211352,1
edge,5.821251945,2012,Electric,19.93150335,1824.565085,Automatic,43.79262842,1
region,3.85795318,2022,Diesel,,1461.687326,Manual,53.51953908,0
line,2.034536689,2013,Petrol,32.4986814,881.3050825,Manual,60.15590984,1
need,4.117923039,2013,Electric,39.09685371,1330.286474,Automatic,69.86745828,1
for,3.171201718,2001,Electric,5.567328021,2134.827647,Automatic,46.86682579,1
character,1.155798439,2021,Hybrid,18.48421968,2203.425277,Manual,60.34632979,1
seem,5.242922394,2006,Diesel,27.64106496,979.3664853,Manual,49.1340075,0
section,1.915357553,2017,Hybrid,20.35923526,1065.816237,Manual,30.53590058,0
fish,3.786947933,2002,Petrol,37.29182347,1613.126772,Automatic,68.53281831,0
Congress,5.218618583,2014,Diesel,36.84329941,1812.019938,Automatic,69.72982007,1
wear,5.159880954,2010,Hybrid,35.97577173,1967.981403,Manual,61.96945089,0
force,4.109185564,2020,Electric,31.97116279,2324.78143,Manual,54.90372324,0
rise,,2008,Petrol,24.43060097,829.6417,Automatic,50.18178097,1
movement,4.851062776,2016,Electric,27.5401495,1029.004252,Manual,46.28283062,1
something,3.632215471,2018,Hybrid,14.34973312,1704.877248,Manual,51.37375403,1
structure,2.088612215,2001,Petrol,18.17774579,2417.599555,Automatic,36.31021732,1
standard,5.3737234,2004,Electric,27.26263858,889.8198556,Manual,64.94873192,0
art,1.229176053,2013,Electric,13.49682185,1586.069254,Manual,41.51081298,1
concern,2.997596146,2006,Diesel,5.666503409,1075.450588,Manual,31.77449489,0
partner,4.100156839,2019,Diesel,36.082177,1278.470288,Manual,58.69739061,1
year,3.162876011,2013,Hybrid,25.39047594,1235.111314,Automatic,48.40033783,0
such,3.394326865,2011,Petrol,37.69038271,1862.738483,Automatic,68.21517437,1
action,1.057111618,2002,Diesel,5.444190058,1701.533027,Manual,49.76028803,0
certain,5.493275977,2002,Petrol,35.86924213,1061.687257,Manual,37.82013226,0
could,5.115589354,2014,Petrol,14.91469972,1382.485496,Manual,55.00893763,0
affect,2.280181216,2008,Hybrid,8.366507236,1378.806976,Manual,36.81104055,1
happen,4.463635895,2001,Diesel,27.25751412,1670.67312,Manual,53.07676072,0
employee,4.008263886,2001,Petrol,,2472.719043,Automatic,55.92376732,1
television,3.699459341,2013,Diesel,19.98984639,915.6748872,Manual,60.82568741,0
series,1.246752407,2017,Petrol,17.26865214,1729.700452,Manual,40.33065469,1
line,4.469620143,2013,Petrol,10.33787018,1414.791634,Automatic,69.3804548,0
that,,2004,Petrol,13.8966077,1097.549578,Automatic,40.77899242,0
development,5.628275971,2018,Petrol,35.64244358,1622.045553,Automatic,48.62403985,0
red,5.539689778,2003,Petrol,24.28704791,2463.309047,Manual,50.96424344,0
success,2.323789479,2012,Diesel,14.87233682,1268.815844,Automatic,30.98098326,1
worry,3.836911721,2002,Electric,34.21740391,2483.169628,Manual,62.21461147,1
I,4.655708115,2006,Hybrid,19.58491466,886.2538016,Automatic,38.6392141,1
record,2.659879594,2017,Hybrid,17.73121833,1756.138053,Automatic,41.09809,1
size,3.709227747,2022,Electric,32.3180744,1037.665959,Manual,66.47628648,1
likely,1.941738348,2010,Diesel,7.120585156,1846.137648,Automatic,56.94576186,1
keep,2.180223489,2016,Diesel,28.40996514,2145.73415,Automatic,69.11394281,1
high,1.962311959,2019,Petrol,20.30703706,2105.924695,Manual,31.19845012,0
situation,5.005418328,2000,Petrol,27.69387937,971.8381737,Manual,59.0314697,1
begin,5.196461226,2003,Hybrid,21.83015031,824.1905546,Automatic,51.94887116,1
your,3.013289111,2011,Diesel,36.92245651,2085.568597,Manual,63.62040222,0
although,3.657985423,2022,Diesel,32.55589394,1149.556987,Automatic,58.91814265,1
mother,5.439439294,2022,Petrol,38.92500686,1766.220569,Automatic,36.9038734,1
bank,5.666051912,2020,Petrol,18.37431498,1380.991431,Automatic,47.77544183,1
stand,2.607080894,2016,Electric,,1783.743793,Automatic,32.4471122,1
consider,1.727701034,2010,Petrol,21.94256206,1486.416092,Automatic,60.22165226,0
enter,4.333789091,2008,Hybrid,9.050142363,2307.003187,Automatic,40.3999924,0
trade,2.861940823,2007,Hybrid,28.65375192,1606.636449,Manual,37.11911255,1
various,1.035740712,2004,Hybrid,15.17545769,2033.899515,Automatic,33.57937727,1
food,4.196837437,2006,Electric,38.46210125,1150.110422,Automatic,37.21729906,1
try,1.258456333,2006,Hybrid,9.566499259,2439.406643,Automatic,57.23186047,0
term,4.817087837,2020,Hybrid,18.62301668,1662.838932,Manual,32.08383673,0
loss,3.330274773,2009,Diesel,37.84798968,1161.85718,Manual,65.47167646,0
mean,3.500165636,2013,Electric,,1253.112839,Manual,61.62653471,0
room,,2017,Diesel,17.20417586,1251.343114,Automatic,36.47599916,1
her,5.783247028,2020,Diesel,12.41425594,2352.346017,Automatic,43.33442837,1
player,3.470914639,2002,Electric,15.54637994,1337.826023,Manual,48.63988542,0
participant,5.67024859,2019,Electric,25.15585442,896.0326055,Automatic,50.75273576,1
plan,5.912560917,2020,Hybrid,15.85734598,1938.6852,Automatic,69.98679398,1
manager,3.491598911,2000,Petrol,,945.3125289,Manual,47.20499595,0
animal,5.560421632,2010,Hybrid,19.7789795,1053.90097,Automatic,61.66309838,0
mind,4.597398086,2006,Diesel,33.06148724,2131.093579,Automatic,51.36431314,1
happy,1.45706878,2012,Electric,10.12268938,2131.039955,Automatic,41.25891397,1
affect,2.285532417,2010,Diesel,14.39182624,1352.439437,Manual,60.4087305,1
catch,5.203494261,2001,Hybrid,21.23836592,2356.814322,Automatic,64.4227063,1
break,3.522612663,2015,Hybrid,37.43169802,1894.997656,Manual,54.61029906,1
strong,3.892579648,2002,Hybrid,37.21817088,2357.198579,Manual,58.31824291,1
Mr,4.874436475,2020,Electric,22.25445743,2380.043074,Manual,35.72766293,0
group,1.426787047,2002,Petrol,16.63890427,2487.339121,Automatic,33.07671751,0
we,5.694470137,2012,Hybrid,14.43515485,1093.078886,Automatic,52.81906158,0
weight,2.358750013,2007,Electric,27.42261776,1448.079444,Automatic,32.90784276,0
performance,1.114985436,2019,Hybrid,34.39541086,1736.557504,Manual,37.59546594,0
challenge,2.078678248,2019,Diesel,36.39621478,1625.833998,Automatic,66.00622089,1
hope,2.07649305,2012,Electric,26.21281609,2454.617202,Manual,50.78123132,1
pass,5.777005147,2010,Hybrid,14.48351192,2089.11189,Automatic,63.39181593,1
coach,5.893763978,2014,Petrol,6.572468427,1276.227948,Automatic,30.47406488,0
own,4.324640737,2020,Hybrid,21.62315927,1116.392261,Automatic,47.82970572,0
ask,2.921071094,2009,Petrol,24.21430113,2230.856427,Manual,42.78800547,1
rich,2.452385493,2018,Electric,14.41497811,1796.427642,Manual,66.84319254,0
attorney,2.241361284,2012,Diesel,5.040717189,1571.002601,Automatic,66.48387561,1
finally,2.82579815,2011,Diesel,24.75801415,1358.950849,Automatic,43.4531712,1
college,5.697127364,2022,Electric,29.06439366,2404.564214,Manual,60.74103773,1
meeting,,2012,Diesel,21.38468459,1778.898282,Automatic,53.33063164,1
seem,3.895651162,2010,Diesel,15.87785366,2206.779404,Manual,36.76774751,0
relate,2.705248047,2019,Electric,32.55038802,1271.735408,Automatic,64.96838018,0
dream,1.937938667,2001,Electric,26.78866705,1228.899954,Manual,37.99573626,0
during,3.644000358,2015,Petrol,6.22503208,2445.560703,Automatic,45.06308386,0
activity,3.044886321,2020,Electric,13.09339037,1878.280301,Automatic,58.30121571,1
material,5.400275098,2018,Petrol,25.69091178,1193.790392,Manual,38.84050319,1
place,2.016161337,2014,Diesel,10.20713404,2357.542464,Manual,38.44346006,1
decide,5.77628872,2005,Hybrid,14.61459293,1640.570296,Manual,68.02618124,0
where,3.078523722,2001,Petrol,17.7192607,1067.961001,Manual,53.14337453,1
well,2.839401465,2016,Petrol,38.95494335,1804.80383,Automatic,56.33129626,0
road,2.680367511,2011,Petrol,16.86661152,2400.055984,Manual,46.63498216,0
final,5.962535606,2005,Diesel,18.22492983,826.0950739,Automatic,65.62851211,0
dark,1.378612836,2021,Petrol,24.44680792,2028.405404,Automatic,57.38377237,0
rather,3.026410538,2000,Petrol,,1482.256184,Automatic,51.82893335,1
wear,1.052458008,2014,Petrol,18.27249505,1185.887393,Automatic,54.35559341,1
then,5.601906042,2004,Hybrid,5.534895831,1149.188257,Manual,69.05268689,1
until,4.910903098,2005,Diesel,,2343.650414,Manual,53.40102136,0
process,4.266172008,2003,Diesel,31.34055839,1009.359116,Automatic,34.14147248,1
week,4.679006709,2009,Electric,37.53473538,1889.06287,Manual,43.68377428,1
bag,1.152074036,2017,Hybrid,30.26935879,2108.56535,Automatic,66.95265902,1
grow,1.020010282,2013,Petrol,15.26623055,858.0295036,Manual,42.57274137,0
return,5.197586519,2013,Electric,27.60385878,1563.941045,Automatic,57.37688214,1
me,2.901471129,2022,Electric,31.91786916,2093.386326,Manual,67.26950041,1
black,1.615722704,2012,Hybrid,11.48152327,1997.304675,Manual,44.01558604,0
key,4.542859297,2002,Petrol,20.57820802,1121.103917,Automatic,65.79006819,1
hour,3.222913984,2011,Diesel,5.375111817,1730.364932,Automatic,47.57349294,0
all,4.934430997,2015,Hybrid,9.245918836,1278.289236,Automatic,34.21641031,0
follow,5.839665533,2019,Hybrid,17.75428149,2155.464668,Automatic,59.76864257,0
store,3.667592261,2007,Diesel,28.12678045,1661.952149,Automatic,48.16884412,0
pattern,5.903380621,2015,Diesel,6.253632768,1073.671727,Manual,30.79380557,1
trouble,4.301405563,2011,Diesel,36.11153658,1997.191906,Automatic,54.59401436,0
much,2.293462099,2007,Hybrid,20.42944739,1087.304227,Manual,52.115355,1
how,1.879247189,2001,Diesel,12.23047664,2091.302636,Automatic,62.82139794,1
draw,2.404435743,2010,Diesel,27.7609749,1930.063017,Automatic,57.5694688,0
these,4.978930505,2009,Petrol,17.67734765,2304.801703,Manual,60.22154654,1
maybe,1.992590098,2000,Diesel,32.69649136,1890.996998,Manual,36.55237604,0
responsibility,2.188183697,2002,Diesel,,1803.549628,Automatic,51.85482252,0
figure,3.975629347,2002,Hybrid,38.38877306,2146.908894,Automatic,54.62538732,1
pretty,1.242648086,2001,Petrol,31.14282531,866.5465564,Automatic,59.7725613,0
blue,1.203214828,2018,Hybrid,39.23649378,2346.986875,Automatic,51.77066407,0
by,4.97854129,2015,Hybrid,29.45290067,1273.70187,Automatic,35.05344924,1
do,4.151041089,2014,Electric,14.84697027,1546.634646,Manual,60.56095322,1
officer,4.843455898,2008,Petrol,30.69591217,1002.687366,Manual,46.97811491,0
tax,1.919058977,2003,Petrol,20.85443412,1397.581471,Manual,50.96476966,0
where,4.090000206,2018,Diesel,38.57810585,2098.785752,Automatic,66.90184572,1
southern,5.855248888,2005,Diesel,26.00120241,2018.150982,Automatic,55.69135092,0
fear,4.479764519,2004,Hybrid,30.13300974,1120.956785,Automatic,66.59404916,1
eat,3.244723634,2016,Petrol,35.79757091,882.2880075,Manual,52.96417908,1
in,5.484873694,2012,Petrol,19.88969156,1048.038616,Automatic,46.86712959,1
example,4.05893699,2001,Hybrid,38.82828399,2345.075646,Manual,46.24583708,0
campaign,4.755633073,2002,Diesel,26.81577558,2477.319457,Automatic,37.32014668,0
treat,2.546593525,2010,Petrol,23.0281518,2258.943752,Automatic,63.73837488,1
tonight,2.076750441,2007,Diesel,11.36444269,1089.053593,Manual,37.45546959,0
time,5.513557386,2013,Petrol,6.492347812,1101.671444,Automatic,32.62859353,0
cup,1.861941966,2004,Electric,,2030.224896,Automatic,36.09588944,1
life,5.11119051,2007,Electric,,1494.533477,Automatic,69.81015787,1
arm,2.189575051,2022,Hybrid,6.907042058,1568.786423,Manual,60.36607616,1
direction,5.662393045,2003,Electric,37.11845104,1896.328477,Manual,66.48167277,0
with,4.544043253,2013,Petrol,7.938861548,1681.969169,Automatic,64.30015107,0
baby,3.916906294,2011,Diesel,39.32215092,1955.387888,Automatic,51.46430339,1
property,2.891845179,2014,Diesel,24.27106977,2466.047054,Manual,32.12733442,0
huge,4.829037072,2013,Electric,16.64965489,1025.362491,Manual,30.04375352,0
recent,4.478433317,2011,Petrol,,1472.12431,Automatic,42.02959054,1
drive,3.422344782,2010,Hybrid,28.65574683,1487.459025,Manual,33.26647476,1
fine,4.074676146,2021,Diesel,29.16895176,1351.096689,Automatic,64.13633095,0
career,5.979278662,2017,Electric,39.68108455,2449.419693,Automatic,60.29777157,1
my,2.607093327,2020,Electric,11.77016748,1476.441976,Manual,42.82126746,0
would,1.287381577,2006,Electric,21.69390992,2038.159712,Automatic,63.51779291,1
key,,2006,Electric,34.83034742,2114.876698,Manual,49.79013401,0
area,4.395741747,2016,Hybrid,21.33304679,1040.830224,Manual,68.89664318,1
nor,4.813607046,2006,Petrol,,2049.055095,Manual,35.85698541,1
whatever,2.431926785,2007,Electric,29.97165437,1388.718121,Manual,49.69852782,0
its,3.526317472,2007,Petrol,29.74639697,1351.441567,Manual,35.23210646,0
article,3.305448695,2020,Petrol,6.361415859,2283.041318,Manual,59.45563685,1
push,1.645595051,2013,Diesel,5.600156045,1834.541936,Manual,57.5369175,0
serve,4.842266643,2015,Petrol,9.627259083,1125.776014,Automatic,45.08604727,0
physical,1.702641513,2014,Petrol,26.32805101,1578.81217,Manual,48.4483835,0
major,1.304403125,2012,Hybrid,18.57141367,1203.828439,Automatic,48.47341206,0
rest,2.03524034,2017,Electric,10.80764353,1600.233685,Manual,48.83708528,0
husband,3.280291497,2014,Hybrid,7.861226289,2332.462696,Manual,41.69259235,1
at,3.279741202,2014,Electric,17.01958002,2181.259025,Automatic,52.75153114,1
just,2.14677917,2001,Electric,17.97659857,2457.315776,Automatic,69.41610993,0
strategy,3.406378359,2005,Hybrid,32.34580453,1296.733962,Automatic,30.01877655,1
plan,4.689070959,2000,Electric,,2054.132602,Automatic,49.87986693,1
charge,3.979944041,2002,Hybrid,21.91480454,1354.456746,Manual,45.76502574,0
section,3.011646693,2009,Hybrid,38.09036817,2437.610965,Manual,40.7878124,0
control,5.133683038,2010,Hybrid,9.868147725,2093.699917,Manual,33.90073972,1
give,2.776517853,2008,Hybrid,32.51247566,1258.097319,Automatic,60.29872116,0
catch,2.99471148,2016,Petrol,5.537976439,2165.406609,Manual,59.43260919,0
change,5.745814357,2008,Petrol,39.31676291,1798.173673,Automatic,39.88400534,0
fast,2.571989405,2008,Diesel,,2376.499139,Automatic,37.1058511,1
value,2.552702178,2011,Petrol,19.60126084,2373.612404,Automatic,38.38436192,0
because,4.45733433,2014,Electric,12.93725529,826.9715356,Manual,61.06882879,1
adult,3.185574936,2003,Petrol,19.81851286,2267.740122,Automatic,39.51717371,1
want,1.752541178,2009,Electric,12.05500641,2126.582344,Automatic,31.45382898,0
like,5.614501532,2022,Hybrid,17.35563525,1581.178457,Automatic,63.37197506,1
central,3.378739226,2016,Electric,13.45728382,2035.770085,Manual,32.2040922,0
share,2.280625278,2004,Diesel,33.4777125,1314.284219,Automatic,46.13357693,0
keep,,2000,Petrol,22.67160898,2124.997711,Manual,60.30913491,1
do,2.836356065,2018,Diesel,36.36279089,1964.157762,Manual,62.72315519,1
store,3.689090183,2006,Hybrid,26.82514683,1426.436343,Manual,52.6710498,0
so,4.895288282,2014,Electric,32.28114324,1580.860359,Manual,65.4613076,0
anything,4.044739608,2012,Petrol,11.12036002,2131.765288,Automatic,37.65352622,0
difficult,5.517811555,2004,Diesel,38.33572565,1491.229441,Automatic,30.22562939,1
pay,5.376668357,2020,Electric,,856.8484152,Automatic,69.32856174,0
choose,2.047233209,2014,Diesel,13.18897021,1141.426401,Manual,61.32947623,0
east,3.718837795,2022,Hybrid,33.67825189,1135.365499,Automatic,69.99764678,1
on,4.130520316,2010,Petrol,11.21106887,2198.378235,Manual,35.45232281,1
sister,5.318208022,2018,Hybrid,39.10524771,934.8311219,Automatic,41.38938888,1
authority,3.592876216,2015,Diesel,5.59227697,1410.479614,Automatic,46.68560154,0
born,5.4001802,2009,Electric,10.09102218,1698.679717,Manual,63.4149316,1
off,4.960867212,2000,Hybrid,9.943149388,1053.945587,Manual,44.18972598,0
hair,4.826442555,2016,Petrol,31.08076784,1872.69226,Manual,66.80550133,1
ago,1.602948636,2000,Diesel,28.89966443,2369.502447,Automatic,40.94543844,1
until,2.19900797,2014,Electric,30.24479286,1235.772134,Automatic,40.18738722,0
drug,3.486148924,2009,Hybrid,16.95910942,2083.941728,Manual,69.98390784,1
feel,2.875471983,2001,Petrol,25.93080541,1408.386249,Manual,32.14438936,1
raise,3.756853949,2010,Diesel,31.69388522,1444.716969,Automatic,39.40170666,1
even,3.328845605,2018,Hybrid,9.254370604,2438.38406,Automatic,37.86479177,0
open,1.290714127,2017,Petrol,23.78264223,964.5781834,Automatic,44.86010094,1
theory,3.45058998,2006,Hybrid,11.54658234,1876.124043,Automatic,66.88498125,0
figure,4.836392174,2000,Hybrid,20.25887076,1760.750171,Automatic,61.02458285,1
choose,3.390371903,2006,Diesel,31.91451185,2224.076104,Automatic,43.70312023,1
across,,2021,Petrol,30.78225983,2252.982068,Automatic,47.32014622,0
always,1.77733175,2018,Electric,26.20172909,1651.716055,Manual,54.31108749,0
through,3.315308912,2006,Petrol,34.8896565,1047.655192,Automatic,64.46238106,1
administration,2.821771743,2009,Petrol,22.8156945,2321.355771,Manual,49.59897529,0
affect,5.768407338,2015,Electric,23.02467946,1625.111106,Manual,64.08353319,0
have,2.606788826,2018,Petrol,6.988517,1689.518549,Manual,65.6424003,0
parent,3.067916198,2010,Electric,,2375.564443,Manual,49.51791925,1
wife,3.648189229,2011,Petrol,35.00310575,1854.979148,Manual,32.51279809,1
grow,1.168358209,2019,Hybrid,22.88024244,2405.860282,Automatic,33.23454772,0
produce,2.601384814,2019,Petrol,17.04663944,1734.084595,Automatic,50.55263005,0
fill,1.769651974,2000,Electric,36.32968013,2469.171802,Manual,63.45268419,1
call,5.811533878,2014,Electric,29.95243653,995.5320165,Manual,42.76482937,1
me,3.12192306,2007,Diesel,9.337276839,2176.710972,Automatic,67.01304874,1
understand,,2017,Diesel,24.64276639,1844.819654,Manual,39.75260058,1
budget,5.927142777,2021,Electric,6.525293104,1640.141192,Automatic,35.27857041,1
drive,2.761894005,2000,Diesel,29.85015805,2213.703422,Automatic,56.03216432,0
store,4.450674403,2018,Electric,12.49916343,2460.33513,Manual,43.99378494,1
serve,3.245612311,2009,Petrol,5.311535459,1964.259318,Manual,50.56340303,0
hear,4.929304105,2005,Electric,25.63581191,1153.780176,Manual,59.41499933,1
run,3.635512287,2022,Hybrid,22.91963409,1340.286979,Manual,68.93080915,1
project,2.802887763,2005,Diesel,18.1420373,1857.160735,Manual,60.12883492,0
position,5.795359789,2017,Petrol,14.46598124,2058.705664,Automatic,65.23519422,0
third,2.090156312,2004,Hybrid,39.09324933,873.6231859,Automatic,39.04684718,0
consumer,1.335052404,2001,Diesel,15.19735322,1890.610434,Manual,58.80771132,1
western,4.265131374,2007,Diesel,14.51008026,1670.687105,Manual,51.697242,1
member,2.030712962,2009,Electric,39.77414864,2312.661976,Automatic,38.72752485,1
region,5.360432197,2000,Diesel,19.4514213,1575.168206,Manual,38.64184347,0
my,1.948404814,2018,Petrol,9.44279538,1206.365995,Manual,36.16569614,1
during,1.415058128,2013,Hybrid,36.05866626,1166.755475,Manual,63.71241108,0
else,2.261632532,2021,Petrol,28.48770588,2392.791723,Manual,35.14998001,0
tend,1.476392574,2007,Petrol,16.79328397,1852.869652,Automatic,41.98727791,0
shake,3.731769084,2006,Electric,14.13305951,807.5195205,Manual,67.76085247,0
heart,5.243701882,2002,Electric,23.84754403,1292.738016,Manual,33.8844482,1
issue,3.361752583,2017,Hybrid,30.61377246,995.3429674,Automatic,34.50605473,1
father,4.913013199,2004,Electric,39.59262286,1732.337771,Automatic,44.12369777,0
federal,4.121817569,2018,Hybrid,32.9307059,844.1777537,Manual,49.0540057,0
which,3.71757178,2011,Diesel,5.97221895,2406.4335,Manual,57.88572414,0
condition,2.039596899,2011,Electric,5.817110314,1073.997959,Manual,30.55247506,0
Republican,4.296618018,2013,Diesel,27.46778703,1968.651616,Automatic,51.18409709,0
surface,3.224762595,2018,Electric,21.22196766,1437.968144,Automatic,59.90765306,0
north,1.009546986,2013,Diesel,23.13130479,1253.091811,Manual,62.38751124,0
decade,1.764004049,2018,Diesel,35.94308526,1271.033547,Manual,31.59066156,0
few,4.022072903,2009,Petrol,5.62411477,2000.909703,Automatic,66.10174839,0
democratic,5.412731202,2010,Hybrid,32.11567779,1300.806217,Automatic,48.36654787,0
sort,2.797881622,2018,Petrol,23.05053378,805.8210464,Manual,68.45995393,0
rise,1.291361422,2011,Electric,11.41891282,1063.284281,Manual,30.12048307,0
student,3.091369536,2018,Petrol,17.57606355,2034.794246,Manual,31.93249287,1
the,1.217402082,2021,Petrol,29.52493287,827.5674603,Manual,38.38045887,1
my,1.921734561,2013,Diesel,9.504105929,1086.077926,Automatic,44.35950757,0
expert,4.574382121,2006,Electric,12.45165784,1716.688929,Manual,34.96050927,0
standard,1.301368982,2021,Petrol,22.05874769,2024.930774,Automatic,31.49849279,1
fine,3.946273683,2012,Electric,34.79214118,2456.234692,Automatic,39.23021311,0
entire,4.144433888,2013,Hybrid,34.6583256,859.8841793,Manual,48.90960586,1
system,3.759464389,2021,Petrol,32.29865379,2432.730846,Manual,49.41374243,1
any,2.68606153,2015,Diesel,11.63587461,2053.995239,Manual,31.32827938,0
change,2.982935255,2009,Hybrid,38.86572556,1808.139189,Manual,46.42325621,1
class,2.099480903,2010,Hybrid,7.163829575,2218.310889,Manual,62.34428734,0
just,4.053383154,2022,Electric,27.57709143,828.1593659,Automatic,42.50692542,1
history,2.059030319,2002,Electric,26.27943827,1646.797441,Manual,38.12534986,0
generation,2.064964499,2022,Hybrid,8.253465236,1624.704744,Automatic,69.85495378,1
establish,3.497086474,2010,Diesel,8.390118476,1344.181753,Automatic,51.20598011,1
color,5.43290289,2010,Electric,20.95502474,1380.575874,Manual,66.31390078,0
likely,3.114619413,2003,Diesel,5.836041312,1693.513981,Automatic,34.04717221,1
particularly,4.333807549,2005,Petrol,24.73813582,2199.263313,Manual,57.5816351,0
paper,5.6862404,2013,Diesel,9.911570274,1989.021209,Manual,44.77966899,0
who,3.526310773,2016,Petrol,16.32965381,2273.223663,Manual,42.14189654,0
research,1.168294156,2005,Hybrid,24.21339311,1261.376573,Automatic,42.93028847,1
many,3.654134255,2005,Hybrid,32.4113511,2302.127415,Manual,59.39325224,0
window,5.199492859,2002,Electric,16.84789757,1581.401053,Manual,41.31148351,0
source,4.667274016,2005,Diesel,11.42793361,891.317488,Automatic,53.37133161,1
plant,,2007,Petrol,7.079252342,1570.865674,Manual,38.22552819,1
page,1.721033369,2002,Diesel,13.63362563,1456.574017,Automatic,48.14286261,1
measure,3.039148743,2010,Diesel,31.91155584,1883.440832,Manual,49.30806496,0
focus,2.158119356,2007,Petrol,38.91605439,1075.5932,Manual,64.77109937,0
close,3.333581936,2021,Hybrid,30.90666954,962.6846296,Automatic,68.15012623,1
chance,4.508845301,2008,Petrol,39.76862954,866.9028506,Manual,38.4890781,1
ball,1.950870132,2012,Diesel,25.22270435,1064.736883,Automatic,48.43480708,0
court,2.718905093,2021,Hybrid,25.98175423,1000.253994,Automatic,46.39435713,1
TV,3.07926922,2013,Electric,26.09465636,978.643254,Automatic,30.84286965,1
kid,5.425407457,2006,Petrol,30.11217594,896.8587713,Automatic,31.8773447,0
society,2.379809382,2001,Electric,,1008.908889,Automatic,55.11072639,0
deal,4.83438533,2021,Diesel,24.50637187,1780.371502,Manual,32.07763738,0
purpose,5.55335585,2018,Hybrid,34.87619455,1201.989586,Automatic,67.17384041,1
water,3.936206744,2022,Hybrid,38.01961681,1962.937222,Automatic,65.89730947,0
Mr,5.809941644,2001,Diesel,7.26296461,2380.141235,Automatic,55.25684784,0
attention,2.775700386,2018,Diesel,10.57114539,1077.764173,Automatic,38.47420932,1
cover,4.410337682,2003,Hybrid,,1477.937509,Automatic,32.85689574,0
impact,1.565081379,2021,Electric,36.78176106,1741.757807,Automatic,43.60715789,0
hair,2.829353962,2006,Electric,15.07293858,1192.923038,Manual,42.83761565,0
public,5.275123599,2004,Hybrid,37.97299615,1882.768044,Manual,60.18605555,0
nor,1.148921026,2011,Hybrid,13.25911996,2347.802708,Automatic,35.24728873,1
during,5.501949919,2020,Petrol,29.18452522,2483.78082,Automatic,65.7509191,1
live,5.245431312,2021,Petrol,11.46680206,1736.9989,Automatic,44.19648564,0
value,5.183493354,2006,Hybrid,5.013407228,1984.227124,Manual,41.56189208,0
piece,2.927590002,2007,Electric,16.4092965,1307.642814,Manual,50.94256383,0
soon,5.944843459,2018,Diesel,26.79153112,2405.360339,Automatic,59.10305081,1
because,,2003,Hybrid,17.12627953,2227.924948,Manual,39.4899858,1
police,2.249548915,2010,Hybrid,22.66795531,927.5147072,Automatic,67.29519947,0
talk,1.978101106,2008,Petrol,8.602475971,2271.057729,Manual,67.20886519,0
wall,2.413112003,2021,Electric,33.3241788,1127.870974,Manual,69.28907987,1
use,5.001727683,2013,Hybrid,6.861461138,1892.830476,Automatic,61.11353184,0
senior,2.867604041,2002,Diesel,,2218.24037,Manual,33.0511345,1
table,1.282032336,2001,Petrol,33.79454811,895.9004776,Automatic,40.89115827,0
create,2.771352662,2017,Hybrid,37.43215298,2357.418676,Manual,46.50922397,1
down,3.1774768,2000,Electric,15.29071228,2318.19183,Manual,45.00615094,1
same,2.536667611,2021,Electric,10.70190315,1090.553584,Automatic,49.28289148,0
support,2.636342738,2021,Electric,34.94988254,2214.614809,Manual,59.29097793,0
position,5.8091335,2018,Electric,22.34677127,1715.170162,Manual,67.56173551,1
child,5.443254932,2022,Petrol,5.500668284,1120.069002,Manual,57.74779763,1
past,3.801637243,2005,Hybrid,,1708.343021,Manual,46.85914323,0
great,2.663276953,2008,Diesel,12.65325554,1379.156598,Manual,48.25139526,0
window,3.759583929,2015,Hybrid,39.7738332,1850.495943,Automatic,65.29799609,0
we,3.080088435,2020,Petrol,29.45718401,943.2485307,Automatic,61.94712959,0
chair,2.367516705,2018,Electric,17.29710028,2307.249126,Manual,37.56433858,1
someone,4.858407704,2003,Electric,29.19654643,1528.513076,Automatic,31.17267877,0
which,1.299535377,2016,Hybrid,27.24940843,952.9196011,Manual,46.9083709,0
fact,4.435278404,2001,Hybrid,20.42586728,1699.908505,Manual,61.55997248,0
newspaper,3.084848672,2019,Petrol,22.72974649,2099.716399,Automatic,61.90322134,1
include,2.15831609,2015,Hybrid,20.92296617,1713.060654,Manual,56.48399093,1
act,5.378893596,2001,Petrol,8.814553536,1257.338913,Manual,35.16470477,1
management,2.167585927,2004,Petrol,38.97548824,1918.237434,Automatic,53.75568302,1
air,5.676214734,2000,Petrol,23.18255266,1091.223966,Manual,46.96889424,0
participant,5.797636062,2018,Electric,16.98398722,1024.949056,Manual,30.00452425,1
work,2.461227118,2000,Hybrid,36.28963345,1595.929832,Manual,63.7472448,1
part,3.208481138,2000,Hybrid,36.94731698,840.0294336,Manual,57.44821013,0
heart,1.545450766,2010,Hybrid,30.1268174,1445.889424,Automatic,35.70006971,1
wall,2.592676578,2006,Diesel,29.26403473,1404.404559,Manual,69.28766606,0
that,2.084466,2022,Petrol,13.8073697,1777.749711,Automatic,45.28776311,1
popular,4.178258865,2009,Electric,11.77932309,1058.65978,Automatic,51.00630992,1
build,5.557258926,2010,Petrol,8.332495686,1495.810893,Automatic,41.95237076,1
central,1.374520946,2020,Petrol,14.53182373,1139.334143,Automatic,55.97998301,1
approach,1.930464529,2007,Electric,39.84079463,1870.163071,Manual,49.72697518,1
realize,4.846704137,2000,Hybrid,22.84582216,1429.837027,Automatic,48.90753332,0
believe,5.613598884,2002,Hybrid,10.3269503,2057.503783,Manual,53.35079491,1
wear,4.718786053,2000,Petrol,14.28850893,1934.497326,Automatic,67.26613419,1
their,3.154114772,2020,Electric,31.9076795,1036.972259,Manual,61.68410545,0
must,4.380299062,2016,Diesel,33.9967688,1767.176325,Manual,38.73699176,0
guess,1.118728822,2007,Diesel,30.86913015,811.5191475,Manual,30.76894075,1
suggest,4.93386727,2013,Petrol,23.69662563,2119.363957,Automatic,67.3142105,0
not,2.554350188,2016,Hybrid,25.03626674,1303.673204,Automatic,51.96498944,0
possible,5.012817921,2008,Petrol,13.29173348,1489.880924,Manual,36.63739424,0
education,1.790256719,2004,Electric,9.361519525,812.9047618,Manual,53.56891784,1
degree,1.614932447,2010,Diesel,39.69815321,2316.776575,Manual,51.85371736,0
choose,2.892275316,2001,Diesel,38.26175693,1005.376594,Manual,66.81210031,0
bill,1.586135054,2022,Hybrid,26.25670179,1459.969895,Manual,54.02509732,0
leg,4.482039859,2016,Electric,15.62145624,2164.304592,Automatic,32.40021851,1
candidate,2.446037745,2012,Petrol,34.62368335,915.2069966,Automatic,63.45711757,0
force,5.480987147,2012,Petrol,16.14668248,2490.925966,Manual,39.14507135,1
worry,4.269553935,2003,Electric,35.82484416,1652.694753,Automatic,37.57670592,1
left,,2013,Electric,13.13439764,2250.966888,Automatic,58.20688865,1
certain,,2015,Electric,5.493974066,2355.448957,Automatic,57.99098784,0
might,2.128866874,2018,Diesel,23.68147458,1236.886886,Manual,50.37885494,1
discuss,2.383129956,2019,Diesel,22.776615,2284.693654,Automatic,47.62207034,0
set,2.182212689,2018,Hybrid,34.34744927,2366.149479,Manual,46.12824978,0
really,5.180565228,2020,Petrol,33.90644849,2480.060381,Manual,64.92805948,0
create,2.939332297,2020,Hybrid,33.95251002,1697.037559,Manual,38.5032363,1
edge,2.862670733,2008,Petrol,39.75612633,905.7383783,Automatic,51.55496134,0
better,2.866150406,2009,Petrol,32.96252602,1512.277875,Automatic,51.72869435,0
do,1.077180125,2016,Diesel,38.53206476,1158.620405,Manual,49.59072107,0
special,2.759514977,2018,Hybrid,23.54783884,1526.700075,Manual,48.52650934,1
lead,1.740059275,2018,Hybrid,22.43599809,1602.110634,Manual,30.01380228,0
how,3.081578783,2001,Hybrid,14.77505807,1295.892142,Manual,50.93809721,1
artist,4.841539051,2000,Diesel,8.206254866,1709.818101,Manual,53.11544224,0
high,1.800661058,2007,Hybrid,29.51629697,2196.353948,Automatic,45.31252463,1
night,3.965858601,2006,Diesel,26.8919283,1315.332554,Manual,47.15324514,1
second,1.491048579,2004,Electric,31.36914299,1266.703936,Manual,49.8864839,0
forget,5.380674607,2018,Diesel,38.26356897,2474.545062,Manual,30.40022018,1
use,3.244192041,2014,Diesel,7.054669364,2306.53305,Automatic,38.25980617,1
serve,5.391847692,2003,Electric,28.0039377,1347.428066,Manual,57.79782269,1
play,1.627649422,2016,Electric,9.224148418,2460.75629,Manual,56.13040001,1
minute,4.311863115,2020,Petrol,12.59326661,929.7971626,Manual,38.1011249,1
country,3.714994979,2021,Petrol,37.97362508,2312.684633,Automatic,44.53902481,1
require,5.677352131,2004,Electric,5.595438642,1806.746157,Automatic,40.01751996,0
husband,5.132640395,2017,Electric,10.69416023,1698.698007,Manual,64.04072767,1
per,4.242076117,2014,Petrol,5.494526443,1574.834185,Automatic,68.79115949,0
apply,5.512329482,2011,Diesel,30.82948729,1888.650271,Manual,31.55105978,0
method,4.727308278,2017,Hybrid,34.23216783,1478.875272,Automatic,30.4814225,0
why,1.503715962,2002,Diesel,21.57589193,2262.1474,Manual,47.55762139,1
cost,5.585331795,2012,Diesel,26.54134155,1218.144843,Automatic,36.63097988,1
well,2.089043087,2004,Petrol,5.976983559,1068.869417,Manual,36.9297006,1
system,,2016,Petrol,27.76978822,966.0261081,Manual,62.36610406,0
third,4.693771476,2011,Petrol,38.55594029,1731.859102,Automatic,38.64435881,1
break,1.546391773,2022,Hybrid,22.19313919,1620.685095,Automatic,32.88749405,1
authority,2.451419507,2005,Petrol,34.01871043,1577.776851,Automatic,52.11005404,1
human,1.370543069,2004,Electric,39.83054973,1193.770778,Manual,61.14267537,0
show,4.986505923,2011,Diesel,19.21276836,1301.985465,Manual,30.87302072,0
knowledge,3.811941474,2004,Hybrid,5.377067203,1227.970251,Automatic,55.02413188,1
author,1.556098577,2015,Electric,16.40405682,2329.630709,Manual,53.93499298,0
take,5.023911665,2020,Diesel,11.93310121,2029.064362,Manual,40.92480991,0
drop,5.531020022,2014,Diesel,29.67644926,1551.131973,Manual,57.74106472,1
drive,3.347763695,2021,Hybrid,22.92213723,2000.853864,Automatic,35.93785495,0
assume,4.551090833,2011,Diesel,35.08748212,2051.276017,Manual,49.28574626,1
wish,4.390754085,2021,Diesel,38.19136399,2434.22695,Manual,37.72518806,0
art,2.001746397,2018,Petrol,9.845696796,810.774814,Automatic,35.03257875,0
politics,3.111717303,2005,Hybrid,22.33862099,1205.785793,Automatic,64.51773928,0
for,5.775861153,2003,Petrol,8.803888034,1557.558791,Manual,34.67287015,0
stay,,2003,Electric,9.526030816,1603.331342,Automatic,36.65603225,0
on,2.873975692,2013,Diesel,22.35505646,1202.47099,Manual,34.79160728,0
guy,,2018,Diesel,37.36696692,1875.190554,Automatic,51.3093497,1
interesting,4.934636927,2005,Electric,22.51783917,1778.648371,Manual,35.15809871,0
move,1.689075575,2011,Hybrid,35.48911949,2273.898473,Automatic,62.20951119,1
board,2.226496116,2012,Hybrid,22.87370705,2074.87055,Manual,39.03735183,0
necessary,3.153654976,2000,Diesel,17.30740882,2450.142313,Automatic,68.84185338,1
former,1.36827048,2021,Electric,30.64244722,1495.527189,Manual,48.35146991,0
cell,1.913041692,2007,Electric,,2316.485848,Manual,44.80234256,0
card,4.84779417,2018,Petrol,37.48435182,1404.881819,Automatic,44.87174159,1
care,3.919157615,2001,Diesel,5.695546453,1623.583345,Automatic,50.43847669,0
summer,1.649611982,2017,Diesel,14.43932175,2341.19915,Manual,55.95737172,0
street,2.302630977,2016,Petrol,27.64030057,1229.05126,Manual,56.36443125,0
around,1.793452645,2006,Petrol,12.5354796,1469.221488,Automatic,48.01038239,1
too,2.489901394,2006,Petrol,14.33171237,1101.190707,Manual,61.91505257,0
key,3.312054422,2014,Hybrid,30.43722408,1545.167185,Automatic,56.00296457,1
explain,4.070530859,2004,Petrol,31.16244609,1453.698902,Manual,45.6044377,1
still,5.965044872,2005,Diesel,5.958501847,2031.159681,Manual,34.39394539,0
always,5.429600582,2012,Petrol,8.513198501,2225.4638,Manual,31.81381867,1
Mr,1.744692373,2013,Electric,16.38578331,1686.198785,Manual,56.64248272,1
article,5.072669514,2014,Diesel,12.25990397,2411.433256,Manual,54.60651175,0
but,4.084827592,2000,Hybrid,,2244.813074,Automatic,62.48019881,0
fall,3.832568262,2013,Diesel,19.94846393,855.6362546,Automatic,34.43837166,1
range,3.438649647,2009,Hybrid,16.16833884,808.7938378,Manual,43.38485747,0
society,2.829586603,2012,Diesel,23.31422312,2219.505147,Automatic,39.73218986,0
trip,1.715858548,2008,Hybrid,29.1413806,1657.563795,Manual,41.277652,0
field,3.930742897,2015,Petrol,39.07603996,1949.741703,Manual,48.46329483,0
letter,5.422830968,2000,Petrol,38.36653847,2363.075903,Automatic,32.68999738,0
between,4.428351755,2018,Electric,10.59754187,1189.075182,Manual,34.90149599,0
task,4.798030108,2015,Diesel,20.56365763,1047.343359,Automatic,34.82418788,1
range,1.418822827,2019,Petrol,9.838774901,2483.699666,Automatic,47.8763753,1
huge,1.858623544,2010,Diesel,,1191.80167,Automatic,58.63328217,0
figure,4.742364707,2007,Petrol,8.253433187,2152.138881,Automatic,63.08134412,1
charge,5.256041867,2011,Electric,,1542.928027,Automatic,59.94366888,0
focus,3.428570154,2013,Petrol,26.11354171,1923.824539,Automatic,51.16308549,1
source,5.111205833,2004,Petrol,8.00653962,2298.513272,Manual,53.89803511,1
thousand,2.459157822,2012,Electric,10.52611257,2418.212133,Manual,50.16293783,1
in,2.961389472,2015,Petrol,33.85809993,1474.182156,Manual,40.15874668,1
other,1.309663072,2004,Hybrid,19.61070888,1019.83391,Manual,35.022428,1
treatment,2.39724325,2006,Electric,9.651497043,2354.138144,Manual,49.56757437,1
personal,1.041854187,2015,Electric,18.73627462,921.1051513,Manual,47.83389242,1
other,5.861760148,2012,Hybrid,5.705003402,1514.125049,Automatic,45.28623216,1
draw,1.055674115,2018,Diesel,23.87608098,1300.158211,Automatic,32.17038945,0
common,1.143081132,2014,Hybrid,17.72533546,2096.236049,Automatic,48.39744059,1
lawyer,3.568460061,2019,Hybrid,11.97171637,821.0601594,Manual,45.93834195,1
point,5.875904584,2015,Electric,22.74989165,2182.115085,Manual,61.94561226,1
report,1.842606704,2005,Electric,34.29049979,1494.94392,Automatic,48.11463012,0
Congress,5.570958634,2010,Diesel,30.01145226,1631.33484,Manual,40.77116769,1
air,2.444609755,2011,Hybrid,13.90084708,1714.953797,Manual,46.42514025,0
sometimes,3.245795644,2011,Diesel,32.45974392,1666.61348,Automatic,43.41766311,0
major,2.448083981,2002,Electric,37.34407736,2109.3121,Automatic,37.28359491,1
full,1.709440468,2002,Electric,24.09225811,1793.511387,Manual,51.99144641,1
land,5.58029461,2012,Hybrid,38.62773537,1896.4456,Automatic,51.77943972,0
open,4.507364543,2006,Diesel,37.02456196,2051.662889,Manual,49.16187439,0
house,4.191983082,2003,Diesel,11.72493251,1170.429627,Automatic,52.42116213,1
around,2.031291585,2019,Petrol,30.92533312,2288.356845,Automatic,44.84476369,1
wonder,4.612477874,2003,Diesel,6.73456178,2455.345792,Manual,39.72448954,1
building,2.043947584,2014,Electric,6.781949686,2465.672529,Automatic,56.58390694,0
space,4.55155327,2001,Petrol,38.22341985,2220.462455,Automatic,32.43884044,0
data,1.094225217,2020,Diesel,19.47881698,861.8060775,Automatic,50.52578696,1
politics,2.285276328,2013,Petrol,38.93902838,1510.11349,Automatic,45.66521828,1
evening,2.036276812,2004,Diesel,30.19660881,930.2460794,Automatic,53.65491539,1
scientist,,2002,Electric,9.19914295,1922.39351,Automatic,37.67055208,1
ground,3.920011186,2021,Hybrid,16.28924908,1249.921534,Automatic,52.89367764,0
help,2.169189207,2009,Hybrid,31.81359663,905.290654,Automatic,40.13179885,0
free,2.496736722,2003,Electric,20.92064471,1756.243668,Manual,48.14544669,0
election,1.886473601,2013,Petrol,14.74650506,1263.416278,Manual,65.30779996,0
single,5.033925214,2005,Petrol,21.08158244,2325.884498,Manual,37.44932569,0
director,4.953230312,2001,Petrol,19.11489711,1829.913774,Automatic,51.55086316,0
right,5.36956576,2007,Electric,10.20312325,1576.3446,Manual,46.13403939,1
decide,4.252392493,2018,Diesel,13.29236848,1785.453126,Automatic,57.9274788,1
else,5.3546319,2005,Electric,30.74786091,2411.076442,Manual,65.72625336,0
final,3.356211468,2012,Diesel,8.627763789,807.5569974,Manual,68.05232451,1
almost,1.551495427,2021,Hybrid,13.12059411,1681.983927,Manual,48.051247,1
yet,5.134364142,2001,Diesel,17.11422886,1975.726853,Manual,46.88236916,1
green,5.45131707,2011,Hybrid,7.599986342,976.6942898,Manual,56.1405893,0
through,4.781926788,2004,Diesel,19.70816953,1485.09212,Manual,64.03854555,0
everything,3.098701762,2009,Hybrid,32.08465003,1105.075409,Manual,42.94408011,1
back,5.689475111,2006,Petrol,26.51114797,2477.809436,Automatic,35.92070435,0
daughter,2.686317149,2003,Hybrid,26.37191757,2316.017707,Manual,69.59768163,1
animal,3.696373064,2022,Diesel,39.78131179,1086.911373,Automatic,60.10397985,1
run,1.493332711,2004,Electric,31.86045885,1871.361694,Automatic,51.21622236,0
change,3.185422922,2009,Electric,8.314729119,1233.35118,Automatic,56.62226487,0
record,5.328736126,2017,Hybrid,15.92183923,916.9898845,Automatic,65.85370097,0
any,1.521068002,2019,Hybrid,8.066046105,921.9493933,Manual,31.68682251,0
good,5.439174701,2020,Electric,33.44268251,1901.584152,Automatic,54.028733,1
